"Name","Team","Season","GP","TOI","GF%","SF%","FF%","CF%","xGF%","GF/60","GA/60","SF/60","SA/60","FF/60","FA/60","CF/60","CA/60","xGF/60","xGA/60","G±/60","S±/60","F±/60","C±/60","xG±/60","Sh%","Sv%"
"Ducks","ANA","10-11",82,3852.27,46.34,45.92,45.12,44.46,45.15,2.07,2.4,26.38,31.07,36.67,44.6,47.11,58.86,2.07,2.51,-0.33,-4.69,-7.93,-11.75,-0.44,7.85,92.28
"Coyotes","ARI","10-11",82,3863.57,53.87,49.67,49.51,50.36,48.57,2.42,2.07,30.14,30.54,42.68,43.52,56.73,55.92,2.27,2.41,0.35,-0.4,-0.84,0.82,-0.13,8.02,93.23
"Thrashers","ATL","10-11",82,3910.83,45.55,48.96,49.57,48.4,47.17,2.12,2.53,30.06,31.34,41.34,42.05,54.54,58.15,2.27,2.55,-0.41,-1.28,-0.71,-3.61,-0.27,7.04,91.93
"Bruins","BOS","10-11",82,3935.4,59.07,50.69,50.73,51.42,50.33,2.69,1.86,32.51,31.62,43.97,42.7,60.05,56.74,2.34,2.31,0.83,0.88,1.26,3.31,0.03,8.27,94.11
"Sabres","BUF","10-11",82,3853.65,53.03,52.07,50.79,50.5,50.66,2.51,2.22,32.1,29.55,42.56,41.23,56.18,55.07,2.3,2.24,0.29,2.56,1.33,1.11,0.06,7.81,92.48
"Hurricanes","CAR","10-11",81,3740.58,48.97,47.46,47.44,48.77,48.21,2.38,2.48,29.72,32.9,42.41,46.99,59.01,62,2.54,2.73,-0.1,-3.19,-4.57,-2.98,-0.19,8.02,92.45
"Blue Jackets","CBJ","10-11",82,3774.07,46.34,49.75,50.14,50.07,50.27,2.18,2.52,28.85,29.14,39.98,39.76,53.29,53.14,2.22,2.2,-0.34,-0.29,0.22,0.15,0.02,7.56,91.34
"Flames","CGY","10-11",82,3837.55,51.99,52.05,52.44,51.58,53.99,2.48,2.29,29.48,27.17,41.72,37.83,55.97,52.54,2.22,1.89,0.19,2.32,3.89,3.44,0.33,8.41,91.58
"Blackhawks","CHI","10-11",82,3968.98,53.62,54.19,54.11,53.73,52.35,2.52,2.18,31.83,26.91,42.9,36.38,57.06,49.14,2.35,2.14,0.34,4.93,6.52,7.93,0.21,7.91,91.9
"Avalanche","COL","10-11",82,3849.7,45.82,47.19,46.57,46.15,49.16,2.26,2.68,28.03,31.37,38.06,43.66,49.99,58.32,2.24,2.32,-0.41,-3.34,-5.6,-8.33,-0.08,8.08,91.47
"Stars","DAL","10-11",82,3813.07,50.55,46.54,47.69,47.93,47.55,2.25,2.2,25.81,29.65,37.68,41.33,50.92,55.32,1.99,2.19,0.05,-3.84,-3.65,-4.39,-0.21,8.72,92.57
"Red Wings","DET","10-11",82,3854.2,50.27,51.73,52.6,53.09,51.37,2.58,2.55,32.44,30.27,45.72,41.2,59.21,52.32,2.4,2.27,0.03,2.17,4.52,6.89,0.13,7.95,91.57
"Oilers","EDM","10-11",82,3783.95,42.11,45.09,44.69,45.2,43.43,1.96,2.7,25.48,31.03,35.35,43.74,48.91,59.29,2.13,2.77,-0.74,-5.55,-8.39,-10.38,-0.64,7.71,91.3
"Panthers","FLA","10-11",82,3912.18,46.43,49.2,49.53,49.86,51.36,2.11,2.44,29.8,30.76,41.31,42.09,55.35,55.66,2.3,2.18,-0.33,-0.96,-0.78,-0.31,0.12,7.1,92.07
"Kings","L.A","10-11",82,3854.7,52.27,50.65,51.37,52,51.89,2.3,2.1,28.08,27.36,40.91,38.73,55.61,51.34,2.17,2.01,0.2,0.72,2.18,4.27,0.16,8.18,92.33
"Wild","MIN","10-11",82,3827.33,45.78,44.27,44.38,44.77,44.73,1.96,2.32,24.83,31.26,34.95,43.79,46.72,57.63,1.81,2.24,-0.36,-6.43,-8.85,-10.91,-0.43,7.89,92.58
"Canadiens","MTL","10-11",82,3778.47,50.32,51.73,52.28,51.84,49.93,2.14,2.11,31.57,29.46,43.97,40.14,59.57,55.33,2.34,2.34,0.03,2.11,3.83,4.24,-0.01,6.78,92.83
"Devils","N.J","10-11",82,3997.7,44.29,51.75,51.92,51.82,51.36,1.75,2.2,27.66,25.79,37.36,34.6,48.67,45.25,1.99,1.88,-0.45,1.87,2.76,3.42,0.11,6.33,91.46
"Predators","NSH","10-11",82,3899.88,54.35,49.34,49.26,50.08,50.89,2.35,1.97,29.01,29.79,39.2,40.37,52.33,52.16,2.25,2.17,0.38,-0.77,-1.18,0.17,0.08,8.09,93.38
"Islanders","NYI","10-11",82,3786.73,43.77,46.53,45.84,45.44,45.67,2.15,2.77,27.7,31.83,38.35,45.31,52.39,62.9,2.4,2.86,-0.61,-4.13,-6.96,-10.51,-0.46,7.78,91.3
"Rangers","NYR","10-11",82,3860.92,51.75,49.79,50.2,49.03,53.47,2.29,2.14,28.91,29.16,40.3,39.99,53.43,55.54,2.86,2.49,0.15,-0.25,0.31,-2.11,0.37,7.92,92.68
"Senators","OTT","10-11",82,3867.18,41.76,49.21,49.03,49.21,48.6,1.92,2.67,28.79,29.71,39.33,40.88,52.63,54.33,2.18,2.31,-0.76,-0.92,-1.55,-1.7,-0.13,6.66,91
"Flyers","PHI","10-11",82,3776.57,55.54,51.73,50.73,50.21,51.14,2.76,2.21,31.79,29.66,42.99,41.76,57.82,57.34,2.59,2.48,0.55,2.12,1.23,0.48,0.12,8.67,92.56
"Penguins","PIT","10-11",82,3713.48,53.45,53.07,52.92,53.38,51.55,2.33,2.03,31.32,27.69,42.88,38.15,58.59,51.16,2.22,2.09,0.3,3.63,4.73,7.43,0.13,7.45,92.66
"Sharks","S.J","10-11",82,3908.6,54.45,54.04,54.4,54.15,56.49,2.36,1.97,32.42,27.58,45.27,37.95,60.74,51.42,2.68,2.07,0.39,4.84,7.32,9.31,0.62,7.27,92.85
"Blues","STL","10-11",82,3890.3,50.45,52.28,52.56,52.35,50.94,2.49,2.44,29.57,26.99,42.1,38,56.23,51.17,2.29,2.2,0.04,2.58,4.1,5.05,0.08,8.41,90.95
"Lightning","T.B","10-11",82,3753.95,50.78,53.99,53.61,52.49,56.08,2.44,2.37,31.53,26.87,43.41,37.57,57.67,52.19,2.45,1.92,0.08,4.66,5.85,5.48,0.53,7.74,91.19
"Maple Leafs","TOR","10-11",82,3812.28,48.7,46.69,46.47,47.04,46.75,2.34,2.47,27.53,31.43,39.07,45.02,55.17,62.11,2.09,2.38,-0.12,-3.91,-5.94,-6.94,-0.29,8.51,92.15
"Canucks","VAN","10-11",82,3827.55,56.71,52.33,52.95,53.28,50.16,2.55,1.94,31.41,28.61,43.78,38.91,58.95,51.69,2.34,2.33,0.6,2.8,4.87,7.26,0.01,8.1,93.21
"Capitals","WSH","10-11",81,3814.25,51.96,51.28,50.95,51.14,51.47,2.21,2.05,29.45,27.99,40.83,39.31,56.96,54.41,2.29,2.16,0.17,1.47,1.52,2.54,0.13,7.51,92.69
"Ducks","ANA","11-12",82,3907.33,46.81,47.93,48.31,48.1,47.94,2.11,2.4,26.4,28.68,38.12,40.79,50.79,54.8,2.13,2.31,-0.29,-2.28,-2.67,-4,-0.18,7.99,91.65
"Coyotes","ARI","11-12",82,3973.5,53.14,49.11,49.11,49.86,48.59,2.39,2.11,29.72,30.79,41.87,43.39,55.94,56.25,2.3,2.43,0.28,-1.08,-1.52,-0.31,-0.13,8.06,93.14
"Bruins","BOS","11-12",82,3963.3,56.95,52.84,53.68,54.26,53.71,2.89,2.18,32.05,28.61,44.38,38.3,60.33,50.86,2.3,1.98,0.71,3.44,6.08,9.47,0.32,9.02,92.36
"Sabres","BUF","11-12",82,3955.13,51.26,48.59,48.23,49.14,48.12,2.29,2.18,28.3,29.94,38.73,41.58,52.46,54.31,2.1,2.26,0.11,-1.64,-2.85,-1.84,-0.16,8.08,92.73
"Hurricanes","CAR","11-12",82,3911.63,45.94,47.72,47.97,48.43,47.43,2.09,2.46,28.84,31.59,40.83,44.29,55.68,59.28,2.4,2.66,-0.37,-2.75,-3.46,-3.6,-0.26,7.24,92.22
"Blue Jackets","CBJ","11-12",82,3807.1,44.13,46.85,47.21,47.04,48.85,2.02,2.56,27.52,31.22,37,41.37,48.53,54.64,2.01,2.1,-0.54,-3.7,-4.37,-6.11,-0.09,7.34,91.81
"Flames","CGY","11-12",82,3928.55,48.07,47.34,46.85,47.6,49.7,2.05,2.21,26.85,29.87,36.85,41.8,50.2,55.25,2.14,2.17,-0.16,-3.02,-4.95,-5.05,-0.03,7.63,92.59
"Blackhawks","CHI","11-12",82,3946.12,49.9,52.79,52.81,52.93,52.22,2.48,2.5,30.91,27.64,42.18,37.7,56.22,50,2.39,2.18,-0.01,3.27,4.48,6.22,0.2,8.04,90.97
"Avalanche","COL","11-12",82,3972.77,48.27,50.77,50.03,50.83,49.99,2.04,2.18,30.46,29.54,41.27,41.22,56,54.16,2.2,2.2,-0.15,0.93,0.05,1.84,0,6.69,92.6
"Stars","DAL","11-12",82,3880.02,48.46,49.18,49.66,49.35,47.93,2.2,2.34,28.56,29.52,40.66,41.22,54.97,56.43,2.01,2.18,-0.14,-0.96,-0.56,-1.46,-0.17,7.7,92.07
"Red Wings","DET","11-12",82,3875.2,59.5,55.12,55.14,55.18,54.66,2.76,1.88,31.87,25.95,43.45,35.35,57.12,46.39,2.39,1.98,0.88,5.93,8.1,10.73,0.41,8.67,92.75
"Oilers","EDM","11-12",82,3863.22,47.64,47.12,47.65,47.04,46.45,2.15,2.36,26.74,30.02,37.71,41.43,50.46,56.82,2.25,2.6,-0.21,-3.27,-3.72,-6.36,-0.34,8.03,92.13
"Panthers","FLA","11-12",82,3959.57,46.54,48.66,49.26,49.27,46.9,1.86,2.14,28.12,29.68,38.8,39.96,51.6,53.12,1.91,2.16,-0.28,-1.55,-1.16,-1.53,-0.25,6.61,92.8
"Kings","L.A","11-12",82,3805.73,50.37,54.26,53.96,55.16,52.55,1.86,1.83,30.77,25.95,44.16,37.68,60.03,48.8,2.26,2.04,0.03,4.83,6.48,11.22,0.22,6.04,92.94
"Wild","MIN","11-12",82,3882.6,41.13,45.05,44.19,43.57,47.21,1.58,2.26,25.19,30.73,34.89,44.07,46.93,60.77,1.95,2.18,-0.68,-5.54,-9.18,-13.85,-0.23,6.27,92.64
"Canadiens","MTL","11-12",82,3768.73,49.18,48.01,47.86,48.1,47.77,2.21,2.29,27.16,29.41,37.4,40.75,52.66,56.82,2.01,2.2,-0.07,-2.25,-3.35,-4.16,-0.19,8.15,92.23
"Devils","N.J","11-12",82,3945.6,48.83,50.43,50.71,50.71,52.2,2.1,2.2,26.16,25.71,35.12,34.14,46.16,44.87,2.08,1.91,-0.1,0.45,0.99,1.28,0.18,8.02,91.45
"Predators","NSH","11-12",82,4008.82,50.65,47.6,47.28,46.81,49.59,2.31,2.25,27.35,30.11,37.17,41.45,48.97,55.65,2.1,2.14,0.06,-2.76,-4.27,-6.68,-0.03,8.44,92.53
"Islanders","NYI","11-12",82,4008.07,42.47,49.08,48.35,47.14,48.63,1.92,2.61,28.28,29.35,38.61,41.24,51.88,58.17,2.42,2.55,-0.68,-1.07,-2.63,-6.29,-0.14,6.8,91.12
"Rangers","NYR","11-12",82,3885.4,53.73,50.35,49.65,48.08,51.4,2.3,1.98,27.67,27.28,37.79,38.32,50.15,54.15,2.53,2.39,0.32,0.39,-0.53,-4,0.14,8.31,92.74
"Senators","OTT","11-12",82,3856.15,50.8,50.29,50.59,51.85,48.76,2.47,2.39,30.96,30.6,43.02,42.02,59.19,54.97,2.3,2.42,0.08,0.36,1,4.22,-0.12,7.97,92.19
"Flyers","PHI","11-12",82,3704.83,53.62,52.24,51.28,51.16,52.04,2.69,2.33,31.08,28.42,42.28,40.17,57.43,54.82,2.59,2.38,0.36,2.66,2.11,2.61,0.2,8.65,91.81
"Penguins","PIT","11-12",82,3869.18,54.16,55.41,55.26,55.09,54.01,2.89,2.44,32.93,26.49,45.46,36.8,60.66,49.44,2.49,2.12,0.44,6.43,8.66,11.21,0.37,8.77,90.78
"Sharks","S.J","11-12",82,3990.12,51.82,53.44,53.09,51.84,53.89,2.11,1.96,32.08,27.95,44.07,38.95,59.25,55.06,2.39,2.04,0.15,4.13,5.13,4.2,0.34,6.57,92.99
"Blues","STL","11-12",82,3859.68,56.98,54.54,54.94,54.12,54.91,2.06,1.56,30.49,25.41,43.16,35.4,56.93,48.26,2.38,1.95,0.51,5.08,7.76,8.66,0.43,6.76,93.88
"Lightning","T.B","11-12",82,3918,48.02,47.13,46.93,46.3,47.78,2.57,2.78,26.29,29.5,36.47,41.24,49.23,57.1,2.09,2.28,-0.21,-3.21,-4.77,-7.86,-0.19,9.77,90.57
"Maple Leafs","TOR","11-12",82,3977.3,46.04,47.56,47.52,48.5,47.83,2.31,2.71,27.35,30.16,39.11,43.2,54.81,58.2,2.24,2.44,-0.4,-2.81,-4.09,-3.39,-0.2,8.46,91.01
"Canucks","VAN","11-12",82,3839.77,54.46,50.66,52.21,53.62,48.65,2.44,2.04,30.26,29.47,42.08,38.52,58.03,50.19,2.15,2.27,0.4,0.79,3.56,7.84,-0.12,8.07,93.07
"Jets","WPG","11-12",82,3914.38,49.87,50.89,51.13,50.29,50.69,2.34,2.35,29.95,28.9,42.62,40.73,55.8,55.16,2.47,2.4,-0.01,1.05,1.89,0.65,0.07,7.8,91.87
"Capitals","WSH","11-12",82,3953.63,50.15,48.59,48.84,48.59,49.93,2.21,2.2,27.45,29.04,38.31,40.13,52.43,55.48,2.06,2.06,0.01,-1.59,-1.81,-3.05,-0.01,8.05,92.43
"Ducks","ANA","12-13",48,2347.97,55.57,50.17,48.63,48.05,49.75,2.31,1.84,26.73,26.55,37.31,39.42,50.99,55.14,2.14,2.16,0.46,0.18,-2.11,-4.14,-0.02,8.63,93.06
"Coyotes","ARI","12-13",48,2264.97,51.24,50.4,50.82,50.74,49.68,2.26,2.15,30.71,30.23,43.63,42.22,57.64,55.95,2.28,2.31,0.11,0.48,1.41,1.69,-0.03,7.37,92.87
"Bruins","BOS","12-13",48,2323.95,55.58,54.48,54.9,55.4,53.55,2.37,1.89,32.96,27.55,45.97,37.77,62.91,50.65,2.44,2.11,0.48,5.42,8.2,12.26,0.32,7.19,93.13
"Sabres","BUF","12-13",48,2237.47,47.1,44.95,44.28,44.6,43.2,2.14,2.41,26.44,32.39,35.66,44.87,47.89,59.48,1.89,2.48,-0.26,-5.94,-9.21,-11.59,-0.59,8.1,92.57
"Hurricanes","CAR","12-13",48,2284.28,45.44,49.87,49.89,50.71,47.65,2.3,2.76,31.43,31.6,44.52,44.71,60.53,58.84,2.59,2.85,-0.46,-0.16,-0.19,1.69,-0.26,7.31,91.26
"Blue Jackets","CBJ","12-13",48,2294.65,51.46,45.83,45.79,47.24,45.99,2.17,2.05,24.94,29.47,33.71,39.91,47.42,52.97,1.74,2.04,0.12,-4.54,-6.2,-5.55,-0.3,8.69,93.06
"Flames","CGY","12-13",48,2320.93,40.23,47.27,46.91,46.72,48.02,2.11,3.14,26.61,29.69,37.1,41.99,49.95,56.96,2.21,2.39,-1.03,-3.08,-4.88,-7.01,-0.18,7.93,89.44
"Blackhawks","CHI","12-13",48,2315.92,61.34,56.17,56.31,55.68,54.39,2.8,1.76,31.3,24.42,42.01,32.59,56.68,45.12,2.36,1.98,1.03,6.88,9.42,11.57,0.38,8.94,92.78
"Avalanche","COL","12-13",48,2286.85,44.28,48.51,47.78,47.24,47.3,2.04,2.57,28.61,30.36,39.06,42.69,52.81,58.98,2.11,2.35,-0.53,-1.76,-3.63,-6.17,-0.24,7.14,91.53
"Stars","DAL","12-13",48,2233.57,50.35,46.5,47.02,48.7,46.29,2.48,2.44,26.03,29.95,37.71,42.49,53.25,56.09,2.17,2.52,0.03,-3.91,-4.78,-2.84,-0.35,9.52,91.84
"Red Wings","DET","12-13",48,2252.2,52.51,52.35,53.64,53.93,52.53,1.98,1.79,29.78,27.11,41.87,36.18,55.53,47.44,2.27,2.05,0.19,2.67,5.68,8.09,0.22,6.64,93.4
"Oilers","EDM","12-13",48,2243.88,47.04,45.04,44.99,44.44,44.54,2.16,2.43,26.49,32.33,36.93,45.14,48.71,60.91,2.14,2.67,-0.27,-5.83,-8.22,-12.2,-0.52,8.15,92.48
"Panthers","FLA","12-13",48,2338.17,35.09,46.61,46.91,47.28,45.27,1.62,2.99,27.56,31.58,37.9,42.9,50.46,56.26,1.98,2.39,-1.37,-4.01,-5,-5.8,-0.41,5.87,90.53
"Kings","L.A","12-13",48,2282.38,52.34,55.4,56.09,56.83,55.63,2.26,2.06,30.03,24.18,43.46,34.02,57.74,43.87,2.35,1.87,0.2,5.86,9.44,13.87,0.48,7.53,91.48
"Wild","MIN","12-13",48,2316.15,46.73,50.18,49.43,49.5,52.39,2.06,2.35,27.06,26.87,36.9,37.75,49.67,50.66,2.1,1.91,-0.29,0.2,-0.85,-1,0.19,7.61,91.26
"Canadiens","MTL","12-13",48,2192.12,56.02,53.48,54.12,53.55,55.38,2.68,2.1,30.15,26.23,42.48,36.01,58.64,50.87,2.32,1.87,0.58,3.92,6.47,7.77,0.45,8.88,91.99
"Devils","N.J","12-13",48,2252.07,45.46,53.75,55.22,55.4,55.3,1.65,1.98,26.33,22.66,37.43,30.35,50.05,40.29,2.14,1.73,-0.33,3.67,7.07,9.76,0.41,6.27,91.25
"Predators","NSH","12-13",48,2346.28,46.36,47.21,46.48,45.75,49.54,1.88,2.18,24.6,27.52,33.8,38.92,45.27,53.68,1.93,1.96,-0.3,-2.91,-5.12,-8.4,-0.04,7.65,92.08
"Islanders","NYI","12-13",48,2350.28,49.61,52.79,51.05,50.21,52.25,2.41,2.45,30.1,26.93,40.74,39.07,55.58,55.12,2.6,2.38,-0.04,3.18,1.67,0.46,0.22,8.01,90.9
"Rangers","NYR","12-13",48,2328.9,57.29,54.04,53.42,51.9,53.16,2.32,1.73,31.25,26.58,43.05,37.53,57.95,53.7,2.59,2.29,0.59,4.68,5.52,4.25,0.31,7.41,93.5
"Senators","OTT","12-13",48,2265.38,50.23,52.27,52.85,53.81,52.93,1.93,1.92,32.39,29.57,45,40.15,61.75,53.01,2.36,2.1,0.02,2.82,4.86,8.75,0.26,5.97,93.52
"Flyers","PHI","12-13",48,2202.67,46.4,49.28,48,47.78,47.66,2.23,2.57,28.01,28.83,38.81,42.04,53.18,58.13,2.12,2.33,-0.35,-0.81,-3.23,-4.94,-0.21,7.95,91.07
"Penguins","PIT","12-13",48,2263.12,59.43,51.04,50.91,50.19,52.39,2.86,1.95,30.04,28.82,41.4,39.92,55.49,55.06,2.3,2.09,0.91,1.22,1.48,0.43,0.21,9.52,93.23
"Sharks","S.J","12-13",48,2306.82,50.39,51.99,52.13,51.46,53.95,1.99,1.96,30,27.7,42.86,39.36,58.72,55.39,2.41,2.05,0.03,2.3,3.5,3.33,0.35,6.63,92.94
"Blues","STL","12-13",48,2300.77,51.9,53.71,53.42,52.31,50.57,2.17,2.01,27.48,23.68,38.47,33.55,51.65,47.1,1.97,1.93,0.16,3.8,4.92,4.56,0.04,7.9,91.51
"Lightning","T.B","12-13",48,2281.17,51.16,47.34,46.64,46.51,48.65,2.67,2.55,27.33,30.4,37.72,43.16,49.81,57.28,2.05,2.17,0.12,-3.07,-5.44,-7.48,-0.11,9.77,91.62
"Maple Leafs","TOR","12-13",48,2273.17,52.24,44.62,44.68,44.87,45.43,2.75,2.52,26.15,32.45,37.38,46.29,51.63,63.43,2.01,2.41,0.24,-6.3,-8.91,-11.8,-0.4,10.53,92.24
"Canucks","VAN","12-13",48,2257.67,50.76,49.57,50.91,52.14,50.03,2.18,2.12,27.63,28.1,39.01,37.61,53.43,49.05,2.17,2.16,0.07,-0.48,1.4,4.38,0,7.91,92.46
"Jets","WPG","12-13",48,2354.68,47.5,48.58,49.16,49.34,48.55,2.33,2.57,27.9,29.53,40.6,41.99,55.83,57.33,2.33,2.46,-0.24,-1.63,-1.38,-1.5,-0.14,8.35,91.28
"Capitals","WSH","12-13",48,2289.75,51.8,47.42,48.76,48.95,49.36,2.39,2.22,27.89,30.93,39,40.98,53.99,56.32,2.21,2.27,0.17,-3.03,-1.98,-2.33,-0.06,8.57,92.81
"Ducks","ANA","13-14",82,3842.62,58.62,51.91,50.68,50.45,52.16,2.95,2.08,30.15,27.93,41.9,40.78,55.53,54.53,2.5,2.29,0.87,2.22,1.12,1,0.21,9.78,92.55
"Coyotes","ARI","13-14",82,3911.52,50.41,49.73,49.86,50.43,47.16,2.1,2.06,29.14,29.46,40.69,40.92,55.17,54.24,2.01,2.26,0.03,-0.32,-0.23,0.93,-0.24,7.2,93
"Bruins","BOS","13-14",82,3993.08,61.93,53.97,54.56,55.25,54.76,2.65,1.63,31.89,27.2,44.3,36.89,59.97,48.57,2.3,1.9,1.02,4.69,7.41,11.4,0.4,8.3,94.02
"Sabres","BUF","13-14",82,3890.6,36.37,41.96,41.47,41.43,41.7,1.46,2.55,24.61,34.04,33.47,47.23,44.77,63.29,1.81,2.53,-1.09,-9.43,-13.76,-18.52,-0.72,5.93,92.5
"Hurricanes","CAR","13-14",82,3937.62,47.37,49.25,49.23,49.8,48.7,2.06,2.29,30.15,31.06,42.59,43.93,57.56,58.02,2.41,2.54,-0.23,-0.91,-1.34,-0.46,-0.13,6.85,92.62
"Blue Jackets","CBJ","13-14",82,3838,51.97,49.82,50.29,50.51,51.69,2.3,2.12,28.94,29.15,39.29,38.84,52.91,51.84,2.05,1.92,0.17,-0.21,0.45,1.07,0.13,7.94,92.71
"Flames","CGY","13-14",82,3993.28,43.82,47.29,47.14,45.57,45.83,2.03,2.61,25.74,28.7,36.23,40.62,49.12,58.68,1.94,2.29,-0.57,-2.96,-4.39,-9.55,-0.35,7.9,90.91
"Blackhawks","CHI","13-14",82,3995.27,55.4,56.04,55.94,56.15,55.9,2.73,2.2,32.83,25.75,43.74,34.45,59.41,46.4,2.49,1.96,0.53,7.07,9.29,13.02,0.53,8.33,91.46
"Avalanche","COL","13-14",82,3956.88,53.28,47.92,46.97,47.33,47.04,2.5,2.19,28.59,31.07,38.72,43.72,52.19,58.08,2.13,2.4,0.31,-2.48,-5,-5.89,-0.27,8.75,92.94
"Stars","DAL","13-14",82,3863.73,51.78,51.11,51.21,50.85,50.55,2.46,2.29,30.18,28.87,43.17,41.13,57.84,55.92,2.47,2.42,0.17,1.31,2.04,1.93,0.05,8.14,92.08
"Red Wings","DET","13-14",82,3847.35,50.88,50.81,51.81,51.92,50.2,2.32,2.24,29.12,28.19,40.14,37.33,52.26,48.4,2.07,2.06,0.08,0.93,2.81,3.86,0.02,7.97,92.05
"Oilers","EDM","13-14",82,3841.43,41.41,43.67,43.18,43.18,43.83,1.98,2.8,25.36,32.71,35.24,46.38,47.42,62.4,2.05,2.63,-0.82,-7.35,-11.14,-14.97,-0.58,7.81,91.43
"Panthers","FLA","13-14",82,3905.2,44.01,48.72,49.22,49.14,48.74,2.15,2.74,29.1,30.63,40.24,41.51,52.37,54.21,2.22,2.34,-0.59,-1.53,-1.27,-1.84,-0.11,7.4,91.05
"Kings","L.A","13-14",82,3810.05,55.74,56.01,56.54,57.39,55.4,2.04,1.62,31.57,24.8,46,35.36,62.08,46.09,2.46,1.98,0.42,6.78,10.64,15.99,0.48,6.47,93.46
"Wild","MIN","13-14",82,3940,53.16,49.39,48.85,48.61,50.51,2.02,1.78,25.63,26.26,35.74,37.43,48.13,50.88,1.84,1.8,0.24,-0.63,-1.68,-2.75,0.04,7.87,93.23
"Canadiens","MTL","13-14",82,3818.98,49.33,47.66,48.1,46.96,48.04,2.06,2.11,27.67,30.38,39.2,42.3,53.25,60.15,2.21,2.39,-0.06,-2.71,-3.1,-6.89,-0.18,7.43,93.05
"Devils","N.J","13-14",82,3944.08,47.93,52.52,53.76,54.63,55.45,1.86,2.03,26.3,23.78,36.89,31.74,49.53,41.14,2.17,1.75,-0.16,2.52,5.15,8.39,0.43,7.09,91.48
"Predators","NSH","13-14",82,4003.35,46.88,49.88,49.23,48.26,51.45,2.26,2.56,28.52,28.66,38.81,40.02,50.99,54.66,2.07,1.96,-0.3,-0.14,-1.21,-3.68,0.12,7.92,91.06
"Islanders","NYI","13-14",82,3909.55,44.79,49.56,48.61,48.75,49.19,2.14,2.64,29.3,29.82,39.94,42.24,54.74,57.54,2.51,2.59,-0.5,-0.52,-2.29,-2.8,-0.08,7.3,91.16
"Rangers","NYR","13-14",82,3939.52,52.02,53.1,52.7,52.53,51.64,2.17,2,32.44,28.65,44.2,39.67,58.86,53.19,2.55,2.39,0.17,3.79,4.53,5.67,0.16,6.68,93.02
"Senators","OTT","13-14",82,3803.3,48.36,49.61,50.79,52.07,48.18,2.47,2.64,32.88,33.4,46.39,44.94,61.53,56.63,2.34,2.51,-0.17,-0.52,1.45,4.9,-0.18,7.52,92.1
"Flyers","PHI","13-14",82,3743.03,48.89,48.1,49.26,50.02,49.77,2.3,2.4,28.77,31.04,40.68,41.89,56.42,56.38,2.19,2.21,-0.1,-2.27,-1.22,0.04,-0.02,7.99,92.26
"Penguins","PIT","13-14",82,3906.35,51.28,51.38,49.82,49.36,50.62,2.33,2.22,28.65,27.11,38.77,39.05,51.97,53.33,2.05,2,0.12,1.54,-0.28,-1.36,0.05,8.14,91.83
"Sharks","S.J","13-14",82,3939.83,53.97,55.37,55.55,54.78,57.92,2.46,2.1,33.14,26.71,47,37.6,63.7,52.57,2.73,1.99,0.36,6.43,9.39,11.12,0.75,7.42,92.15
"Blues","STL","13-14",82,3836.6,55.19,53.48,54.19,53.79,54.38,2.44,1.98,29.2,25.4,41.86,35.39,56.23,48.3,2.24,1.88,0.46,3.8,6.48,7.92,0.36,8.36,92.19
"Lightning","T.B","13-14",82,3882.22,54.13,52.16,51.64,51.41,50.81,2.34,1.98,29.99,27.5,42.13,39.45,55.39,52.34,2.18,2.11,0.36,2.48,2.68,3.05,0.07,7.79,92.81
"Maple Leafs","TOR","13-14",82,3917.6,47.02,42.96,41.78,42.36,42.79,2.23,2.52,26.51,35.19,36.68,51.11,49.41,67.24,2,2.68,-0.28,-8.68,-14.43,-17.83,-0.67,8.43,92.85
"Canucks","VAN","13-14",82,3887.13,49.48,50.82,51.34,51,49.4,2.13,2.18,29.34,28.4,41.65,39.47,56.67,54.44,2.17,2.22,-0.05,0.95,2.18,2.23,-0.05,7.28,92.32
"Jets","WPG","13-14",82,3881.47,48.63,50.26,50.29,49.79,50.44,2.34,2.47,29.93,29.62,41.67,41.2,56.03,56.51,2.46,2.42,-0.13,0.31,0.47,-0.48,0.04,7.82,91.65
"Capitals","WSH","13-14",82,3889.65,46.96,46.22,46.97,47.48,47.08,2.07,2.33,27.03,31.45,37.93,42.82,51.76,57.26,2.07,2.32,-0.27,-4.42,-4.89,-5.5,-0.26,7.65,92.58
"Ducks","ANA","14-15",82,3954.78,51.33,50.73,51.57,51.18,51.9,2.38,2.26,28.73,27.91,42.13,39.57,55.83,53.26,2.35,2.18,0.12,0.82,2.57,2.58,0.17,8.29,91.9
"Coyotes","ARI","14-15",82,3962.02,37.93,46.61,46.91,47.44,45.23,1.61,2.63,27.58,31.59,39.12,44.27,53.61,59.4,1.97,2.38,-1.02,-4.01,-5.15,-5.79,-0.42,5.83,91.67
"Bruins","BOS","14-15",82,4029.55,50.71,50.66,50.89,51.96,51.22,2.08,2.03,29.54,28.77,40.89,39.46,55.92,51.7,2.09,1.99,0.06,0.77,1.42,4.21,0.1,7.06,92.96
"Sabres","BUF","14-15",82,3998.13,38.45,38.93,37.73,36.3,39.17,1.65,2.63,22.55,35.38,30.09,49.67,38.9,68.28,1.68,2.6,-0.99,-12.83,-19.58,-29.38,-0.93,7.3,92.55
"Hurricanes","CAR","14-15",82,4046.98,43.33,52.19,51.52,51.43,50.01,1.85,2.43,29.64,27.15,41.49,39.04,55.49,52.4,2.31,2.3,-0.57,2.49,2.45,3.09,0,6.26,91.07
"Blue Jackets","CBJ","14-15",82,3869.57,46.08,46.53,46.55,46.69,47.21,2.22,2.59,27.82,31.97,37.62,43.2,49.39,56.38,2.08,2.33,-0.38,-4.15,-5.58,-6.99,-0.25,7.96,91.89
"Flames","CGY","14-15",82,4015.73,49.32,45.96,45.46,44.13,46.29,2.25,2.31,25.26,29.7,35.55,42.65,49.68,62.89,2.01,2.34,-0.06,-4.44,-7.11,-13.21,-0.32,8.89,92.23
"Blackhawks","CHI","14-15",82,3995.12,54.31,52.65,52.93,53.93,50.88,2.26,1.9,32.97,29.65,43.89,39.03,60.59,51.77,2.36,2.28,0.36,3.32,4.86,8.82,0.08,6.86,93.58
"Avalanche","COL","14-15",82,3954.27,49.17,45.1,43.7,42.87,42.4,2.3,2.37,26.5,32.25,35.1,45.22,46.98,62.6,1.83,2.49,-0.08,-5.76,-10.12,-15.62,-0.66,8.67,92.64
"Stars","DAL","14-15",82,3863.87,50.7,51.69,52.58,52.46,52.45,2.7,2.63,30.97,28.94,45.43,40.98,61.84,56.03,2.61,2.37,0.07,2.03,4.45,5.81,0.24,8.72,90.93
"Red Wings","DET","14-15",82,3825.4,51.06,51.48,52.13,53.63,51.8,2.07,1.98,28.23,26.61,38.94,35.77,52.84,45.69,2.15,2,0.09,1.62,3.18,7.15,0.15,7.32,92.55
"Oilers","EDM","14-15",82,4066.45,39.83,47.2,46.84,47.14,44.09,1.92,2.91,26.86,30.05,37.63,42.71,51.7,57.98,2.04,2.59,-0.98,-3.18,-5.08,-6.28,-0.55,7.16,90.32
"Panthers","FLA","14-15",82,3949.5,50.28,51.52,50.79,51,51.75,2.19,2.17,30.09,28.31,40.73,39.47,53.5,51.39,2.16,2.01,0.02,1.78,1.26,2.11,0.15,7.28,92.35
"Kings","L.A","14-15",82,3975.15,55.34,54.94,55.1,55.86,54.53,2.34,1.89,31.04,25.46,44.5,36.27,59.81,47.27,2.39,1.99,0.45,5.58,8.24,12.54,0.4,7.53,92.59
"Wild","MIN","14-15",82,3938.48,53.27,52.61,52.41,51.43,55.05,2.52,2.21,29.81,26.85,41.41,37.59,55.19,52.13,2.27,1.86,0.31,2.96,3.81,3.06,0.42,8.46,91.76
"Canadiens","MTL","14-15",82,3932.82,54.59,48.93,48.95,48.5,49.01,2.22,1.84,27.93,29.14,38.66,40.32,53.98,57.33,2.17,2.26,0.37,-1.22,-1.67,-3.35,-0.09,7.94,93.67
"Devils","N.J","14-15",82,3960.8,48.59,45.78,46.61,47.17,48.11,1.76,1.86,24.3,28.79,33.71,38.62,45.13,50.53,1.96,2.12,-0.1,-4.48,-4.9,-5.4,-0.15,7.24,93.53
"Predators","NSH","14-15",82,3950.2,56.81,53.15,53.09,52.96,54.38,2.51,1.91,31.25,27.55,43.23,38.19,58.77,52.2,2.27,1.9,0.6,3.7,5.04,6.56,0.37,8.02,93.08
"Islanders","NYI","14-15",82,4009.15,52.01,54.48,54.6,53.36,54.96,2.55,2.35,32.75,27.36,45.57,37.9,61.94,54.13,2.94,2.41,0.2,5.39,7.68,7.81,0.53,7.78,91.41
"Rangers","NYR","14-15",82,4009.6,56.81,51.35,50.24,50.5,51,2.69,2.05,30.84,29.21,41.59,41.19,55.65,54.54,2.51,2.41,0.65,1.62,0.4,1.11,0.1,8.74,92.99
"Senators","OTT","14-15",82,3865.83,51.06,48.22,48.77,50.39,51.31,2.33,2.23,29.28,31.44,40.17,42.2,55.68,54.81,2.3,2.19,0.1,-2.17,-2.03,0.87,0.12,7.95,92.9
"Flyers","PHI","14-15",82,3930.63,49.43,48.33,48.63,49,47.64,2.01,2.05,27.43,29.32,38.45,40.62,53.28,55.46,2.03,2.23,-0.05,-1.9,-2.17,-2.17,-0.2,7.31,93
"Penguins","PIT","14-15",82,3860.97,52.79,53.11,53.34,53.4,51.96,2.26,2.02,30.72,27.12,41.93,36.68,56.73,49.51,2.25,2.08,0.24,3.6,5.25,7.21,0.17,7.37,92.53
"Sharks","S.J","14-15",82,3999.52,47.15,50.7,51.21,51.49,51.28,2.08,2.33,29.6,28.78,42.62,40.6,59.5,56.05,2.4,2.28,-0.25,0.81,2.01,3.44,0.12,7.01,91.92
"Blues","STL","14-15",82,3938.02,54.87,53.48,53.52,52.35,54.13,2.46,2.02,30.27,26.33,42.29,36.72,55.6,50.6,2.34,1.98,0.44,3.94,5.57,5,0.36,8.12,92.32
"Lightning","T.B","14-15",82,3864.08,56.74,54.3,53.67,53.72,54.62,2.75,2.1,30.86,25.97,42.18,36.4,56.82,48.95,2.35,1.96,0.65,4.89,5.77,7.87,0.4,8.91,91.93
"Maple Leafs","TOR","14-15",82,3855.03,43.9,45.41,45.24,45.3,44.16,2.1,2.68,27.65,33.23,38.68,46.83,51.17,61.78,2.07,2.62,-0.58,-5.58,-8.15,-10.61,-0.55,7.58,91.94
"Canucks","VAN","14-15",82,3924.13,48.26,50.24,50.22,49.41,47.62,2.27,2.43,29.36,29.08,40.21,39.86,53.39,54.66,2.15,2.36,-0.16,0.28,0.35,-1.27,-0.21,7.73,91.64
"Jets","WPG","14-15",82,3806.88,53.95,52.62,52.87,53.54,52.59,2.26,1.93,29.39,26.46,41.24,36.77,56.74,49.23,2.45,2.21,0.33,2.92,4.47,7.51,0.24,7.7,92.7
"Capitals","WSH","14-15",82,3923.83,52.68,51.29,52.07,51.95,52.95,2.27,2.04,28.26,26.83,40.56,37.33,56.2,51.98,2.24,1.99,0.23,1.43,3.23,4.22,0.25,8.03,92.4
"Ducks","ANA","15-16",82,3881.92,49.34,53.11,53.63,53.02,53.11,1.97,2.02,29.81,26.33,42.79,37,56.97,50.49,2.34,2.06,-0.05,3.49,5.8,6.49,0.27,6.6,92.33
"Coyotes","ARI","15-16",82,3771.47,48.6,46.19,45.85,46.38,46.31,2.04,2.16,26.55,30.93,37.72,44.53,50.92,58.88,1.97,2.29,-0.12,-4.38,-6.82,-7.95,-0.31,7.7,93.01
"Bruins","BOS","15-16",82,3946.93,51.1,51.12,49.83,49.81,49.52,2.41,2.31,31.15,29.78,41.7,41.98,55.14,55.56,2.13,2.17,0.1,1.37,-0.28,-0.42,-0.04,7.74,92.26
"Sabres","BUF","15-16",82,3997.12,44.72,47.56,46.79,46.86,47.45,1.81,2.23,27.37,30.18,37.22,42.32,49.34,55.94,1.91,2.12,-0.43,-2.81,-5.1,-6.61,-0.21,6.6,92.59
"Hurricanes","CAR","15-16",82,4036.8,45.15,50.93,50.64,51.41,49.81,1.94,2.36,28.42,27.38,40.48,39.45,54.54,51.56,2.35,2.37,-0.42,1.04,1.03,2.98,-0.02,6.82,91.39
"Blue Jackets","CBJ","15-16",82,3915.45,47.86,48.47,48.15,47.54,51.19,2.25,2.45,28.43,30.22,38.83,41.81,51.94,57.33,2.53,2.41,-0.2,-1.79,-2.98,-5.39,0.12,7.91,91.9
"Flames","CGY","15-16",82,3956.27,47.21,49.39,48.29,47.87,48.64,2.28,2.55,27.98,28.68,38.28,40.99,52.73,57.43,2.2,2.32,-0.27,-0.7,-2.71,-4.69,-0.12,8.15,91.1
"Blackhawks","CHI","15-16",82,3985.23,49.1,50.67,50.57,51.19,48.83,2.02,2.1,30.1,29.31,40.5,39.58,55.99,53.39,2.2,2.3,-0.07,0.79,0.92,2.6,-0.11,6.72,92.85
"Avalanche","COL","15-16",82,3890.58,47.67,45.97,45.12,44.05,44,2.13,2.34,27.25,32.03,37.02,45.02,49.05,62.29,1.92,2.45,-0.21,-4.78,-8,-13.24,-0.52,7.81,92.71
"Stars","DAL","15-16",82,3938.05,51.49,52.75,52.55,52.67,52.31,2.48,2.33,31.32,28.05,45.11,40.73,61.52,55.29,2.63,2.39,0.14,3.27,4.38,6.23,0.23,7.91,91.68
"Red Wings","DET","15-16",82,3863,48.29,49.65,50.23,51.75,49.75,2,2.14,28.73,29.13,39.87,39.5,52.88,49.3,2.26,2.28,-0.14,-0.4,0.37,3.58,-0.02,6.97,92.64
"Oilers","EDM","15-16",82,3946.25,44.02,48.01,47.75,48.12,48.61,2.01,2.56,28.08,30.41,38.76,42.41,53.38,57.56,2.32,2.45,-0.55,-2.33,-3.65,-4.18,-0.13,7.16,91.59
"Panthers","FLA","15-16",82,3866.68,56.41,49.82,49.5,49.43,49.77,2.48,1.92,28.12,28.33,38.34,39.11,48.85,49.97,2.09,2.11,0.56,-0.21,-0.77,-1.12,-0.02,8.82,93.23
"Kings","L.A","15-16",82,3935.3,54.18,55.23,56.66,56.98,54.4,2.15,1.82,31.8,25.77,46.93,35.89,62.95,47.51,2.46,2.06,0.33,6.03,11.04,15.43,0.4,6.77,92.94
"Wild","MIN","15-16",82,3972.27,51.97,49.56,48.62,47.86,50.71,2.09,1.93,27.23,27.71,37.87,40.03,50.3,54.8,2.05,1.99,0.16,-0.48,-2.15,-4.5,0.06,7.66,93.04
"Canadiens","MTL","15-16",82,3915.87,49.27,51.27,51.24,51.34,50.87,2.24,2.31,30.27,28.77,41.18,39.18,56.58,53.63,2.27,2.19,-0.07,1.5,2,2.95,0.08,7.4,91.98
"Devils","N.J","15-16",82,3873.75,45.25,46.06,46.73,45.93,47.63,1.69,2.04,23.22,27.19,32.3,36.83,41.98,49.42,1.89,2.07,-0.35,-3.97,-4.53,-7.44,-0.19,7.27,92.49
"Predators","NSH","15-16",82,3923.87,50.79,52.87,53.77,52.74,53.25,2.14,2.07,29.7,26.47,41.76,35.91,56.15,50.32,2.16,1.9,0.07,3.23,5.85,5.84,0.26,7.2,92.17
"Islanders","NYI","15-16",82,4014.32,51.55,49.29,49.99,49.68,49.03,2.3,2.16,28.46,29.28,40.15,40.16,55.12,55.82,2.36,2.45,0.14,-0.81,-0.01,-0.7,-0.09,8.08,92.62
"Rangers","NYR","15-16",82,4001.13,55.72,48.47,48.47,48.04,47.59,2.43,1.93,27.37,29.11,38.66,41.1,52.03,56.28,2.29,2.52,0.5,-1.73,-2.45,-4.25,-0.23,8.87,93.37
"Senators","OTT","15-16",82,3958.17,50.42,45.85,46.27,46.88,47.42,2.25,2.21,27.07,31.97,37.69,43.77,51.71,58.6,2.13,2.36,0.04,-4.91,-6.08,-6.88,-0.23,8.3,93.09
"Flyers","PHI","15-16",82,3850.5,50.71,48.89,50.03,50.15,48.57,2.04,1.98,29.08,30.39,40.78,40.72,56.99,56.65,2.2,2.33,0.06,-1.32,0.06,0.34,-0.13,7.02,93.48
"Penguins","PIT","15-16",82,3905.73,55.4,53.29,53.07,52.94,55.79,2.44,1.97,32.47,28.47,43.6,38.56,58.24,51.77,2.55,2.02,0.48,4.01,5.04,6.47,0.53,7.53,93.09
"Sharks","S.J","15-16",82,3954.48,52.73,52.99,53.27,51.94,55.49,2.24,2,29.08,25.8,41.04,35.99,55.73,51.57,2.41,1.93,0.23,3.28,5.05,4.17,0.48,7.69,92.23
"Blues","STL","15-16",82,3906.62,53.22,52.57,52.59,52.36,52.14,2.15,1.89,30.62,27.63,41.86,37.74,56.11,51.04,2.31,2.12,0.26,2.99,4.12,5.07,0.19,7.03,93.15
"Lightning","T.B","15-16",82,3824.53,54.29,51.58,51.86,52.6,51.52,2.33,1.96,29.43,27.62,41.59,38.62,56.16,50.61,2.07,1.95,0.37,1.81,2.98,5.55,0.12,7.9,92.91
"Maple Leafs","TOR","15-16",82,3866.85,42.61,48.03,48.96,50.32,49.75,1.85,2.49,28.81,31.18,42.15,43.95,57.32,56.59,2.25,2.28,-0.64,-2.37,-1.8,0.73,-0.02,6.42,92.01
"Canucks","VAN","15-16",82,3945.62,44.6,46.54,46.28,46.87,44.03,1.88,2.33,27.32,31.38,37.11,43.08,49.51,56.12,2,2.54,-0.45,-4.07,-5.96,-6.6,-0.54,6.86,92.58
"Jets","WPG","15-16",82,3864.42,50.24,51,51.03,51.04,50.13,2.23,2.21,29.33,28.18,40.59,38.96,54.78,52.55,2.34,2.33,0.02,1.15,1.63,2.23,0.01,7.61,92.15
"Capitals","WSH","15-16",82,3939.2,55.89,52.6,51.85,51.52,52.17,2.47,1.95,30.19,27.2,41.8,38.82,56.78,53.44,2.31,2.12,0.52,2.99,2.98,3.35,0.19,8.19,92.83
"Ducks","ANA","16-17",82,3869.67,53.14,50.98,50.48,50.18,52.21,2.24,1.98,29.14,28.02,41.18,40.4,54.66,54.27,2.44,2.23,0.26,1.12,0.79,0.39,0.21,7.69,92.94
"Coyotes","ARI","16-17",82,3983.93,44.07,44.31,43.68,44.18,41.66,1.98,2.51,26.91,33.82,37.95,48.93,50.43,63.71,1.96,2.75,-0.53,-6.92,-10.98,-13.28,-0.79,7.36,92.57
"Bruins","BOS","16-17",82,3900.22,49.18,55.67,55.77,55.22,54.61,2.19,2.26,32.61,25.97,45.79,36.31,60.81,49.31,2.39,1.98,-0.07,6.65,9.48,11.5,0.4,6.71,91.29
"Sabres","BUF","16-17",82,4030.58,44.82,47,47.06,46.96,47.71,1.88,2.31,29.03,32.74,39.59,44.53,51.61,58.29,2.07,2.27,-0.43,-3.71,-4.94,-6.69,-0.2,6.47,92.94
"Hurricanes","CAR","16-17",82,4072.67,46.03,50.29,50.33,51.19,50.81,2.13,2.49,29.03,28.7,41.18,40.63,56.3,53.69,2.5,2.42,-0.37,0.34,0.54,2.61,0.08,7.32,91.32
"Blue Jackets","CBJ","16-17",82,3992.88,56.02,51.73,51.05,51.01,50.52,2.52,1.98,31.26,29.17,42.19,40.46,56.65,54.4,2.47,2.42,0.54,2.09,1.73,2.25,0.05,8.05,93.23
"Flames","CGY","16-17",82,3887.82,49.26,50.56,50.11,50.54,48.86,2.15,2.21,28.49,27.86,39.36,39.19,53.81,52.65,2.17,2.27,-0.06,0.63,0.17,1.16,-0.1,7.55,92.05
"Blackhawks","CHI","16-17",82,4065.4,55,49.97,50.3,50.88,49.69,2.43,1.99,29.84,29.88,40.13,39.64,56.03,54.1,2.33,2.36,0.44,-0.04,0.48,1.93,-0.03,8.15,93.34
"Avalanche","COL","16-17",82,3939.28,36.52,45.11,46.05,46.69,44.43,1.71,2.97,26.78,32.59,37.43,43.85,50.54,57.71,1.86,2.32,-1.26,-5.8,-6.41,-7.17,-0.47,6.38,90.89
"Stars","DAL","16-17",82,3977.2,48.72,50.49,50.24,49.62,49.14,2.21,2.33,29.48,28.9,42,41.6,57.44,58.32,2.44,2.52,-0.12,0.58,0.41,-0.88,-0.09,7.51,91.94
"Red Wings","DET","16-17",82,3974.98,47.04,47.87,47.82,47.67,47.79,2.16,2.44,27.32,29.75,38.01,41.47,49.5,54.34,2.13,2.33,-0.27,-2.43,-3.46,-4.84,-0.2,7.92,91.81
"Oilers","EDM","16-17",82,4011.8,54.4,51.37,51.31,50.37,50.76,2.47,2.07,30.15,28.54,41.2,39.09,55.08,54.27,2.51,2.44,0.4,1.61,2.11,0.81,0.07,8.2,92.74
"Panthers","FLA","16-17",82,3898.92,44.76,49.09,49.95,50.27,47.78,2,2.46,30.37,31.5,41.63,41.71,53.87,53.29,2.15,2.35,-0.47,-1.13,-0.08,0.58,-0.2,6.57,92.18
"Kings","L.A","16-17",82,3974.82,48.47,54.23,54.35,54.26,53.44,1.9,2.02,30.28,25.55,43.65,36.67,59.07,49.78,2.41,2.1,-0.12,4.73,6.98,9.28,0.31,6.28,92.08
"Wild","MIN","16-17",82,4055.95,55.99,51.39,50.77,50.29,56.29,2.77,2.17,30.55,28.89,41.59,40.33,54.91,54.29,2.4,1.86,0.59,1.65,1.26,0.62,0.54,9.06,92.48
"Canadiens","MTL","16-17",82,4023.28,54.51,51.79,52.59,52.67,52.79,2.29,1.91,30.62,28.5,42.63,38.43,59.11,53.13,2.39,2.14,0.38,2.12,4.2,5.99,0.25,7.49,93.28
"Devils","N.J","16-17",82,3931.52,43.41,46.87,47.28,47.1,47.61,1.73,2.26,26.96,30.56,37.25,41.54,48.19,54.13,2.07,2.28,-0.53,-3.61,-4.29,-5.94,-0.21,6.43,92.61
"Predators","NSH","16-17",82,3952.57,53.09,51.4,51.04,51.47,52,2.41,2.13,30.9,29.21,42.73,40.99,57.75,54.46,2.29,2.11,0.28,1.69,1.74,3.3,0.18,7.79,92.72
"Islanders","NYI","16-17",82,4035.53,50.83,49.27,48.27,48.03,48.57,2.61,2.52,29.82,30.7,40.53,43.44,55.14,59.65,2.46,2.6,0.09,-0.88,-2.91,-4.51,-0.14,8.75,91.78
"Rangers","NYR","16-17",82,4010.72,51.86,48.74,48.88,48.04,49.09,2.49,2.31,28.32,29.79,39.89,41.73,52.65,56.94,2.39,2.48,0.18,-1.47,-1.84,-4.29,-0.09,8.79,92.24
"Senators","OTT","16-17",82,3920.57,48.83,50.02,48.71,48.44,49.15,2.06,2.16,29.35,29.33,39.88,42,54.73,58.26,2.19,2.27,-0.1,0.02,-2.12,-3.54,-0.08,7.03,92.63
"Flyers","PHI","16-17",82,3910.47,45.02,50.69,51.04,50.74,48.94,1.93,2.35,29.14,28.34,40.9,39.23,57.1,55.44,2.19,2.28,-0.43,0.8,1.67,1.67,-0.09,6.61,91.7
"Penguins","PIT","16-17",82,3953.07,55.23,51.75,51.68,50.67,52.78,2.82,2.28,33.15,30.91,44.12,41.25,58.62,57.08,2.78,2.49,0.53,2.24,2.87,1.55,0.29,8.5,92.61
"Sharks","S.J","16-17",82,4013.45,53.19,52.49,52.71,51.92,52.33,2.27,2,29.25,26.47,42.49,38.12,58.8,54.45,2.43,2.22,0.27,2.78,4.37,4.35,0.22,7.76,92.45
"Blues","STL","16-17",82,3942.2,52.7,50.76,50.78,50.59,51.17,2.33,2.09,28.1,27.26,38.9,37.7,52.3,51.09,2.11,2.02,0.24,0.84,1.2,1.22,0.1,8.29,92.33
"Lightning","T.B","16-17",82,3906.65,49.09,49.63,50.33,50.92,50.98,2.15,2.23,29.02,29.46,41.17,40.63,54.88,52.89,2.22,2.14,-0.08,-0.44,0.53,1.99,0.09,7.42,92.42
"Maple Leafs","TOR","16-17",82,3967.38,51.47,49.69,50.2,50.95,51.17,2.56,2.42,30.92,31.31,44.77,44.41,60.09,57.84,2.68,2.56,0.15,-0.39,0.35,2.25,0.12,8.29,92.28
"Canucks","VAN","16-17",82,4046.7,44.48,45.83,45.98,46.91,45.25,1.88,2.35,26.58,31.41,36.27,42.61,49.29,55.8,2.02,2.44,-0.47,-4.83,-6.34,-6.5,-0.42,7.09,92.51
"Jets","WPG","16-17",82,3893.98,48.64,48.48,49.05,48.86,50.71,2.41,2.54,28.43,30.21,39.09,40.61,52.05,54.47,2.34,2.27,-0.13,-1.78,-1.52,-2.42,0.07,8.46,91.59
"Capitals","WSH","16-17",82,3907.73,61.96,53.26,52.66,53.21,51.46,2.76,1.69,30.5,26.77,42.35,38.08,57.7,50.74,2.35,2.22,1.06,3.73,4.27,6.96,0.13,9.04,93.68
"Ducks","ANA","17-18",82,3939.42,53.26,49.27,49.06,49.22,49.07,2.38,2.09,29.85,30.73,42.36,43.98,56.5,58.29,2.45,2.55,0.29,-0.88,-1.62,-1.79,-0.09,7.98,93.2
"Coyotes","ARI","17-18",82,4026.92,46.15,47.28,46.53,47.65,46.34,2.08,2.43,28.26,31.51,40.29,46.3,55.78,61.29,2.15,2.48,-0.35,-3.25,-6.01,-5.51,-0.34,7.37,92.29
"Bruins","BOS","17-18",82,3950.15,54.58,54.15,54.13,54.15,54.43,2.52,2.1,32.11,27.19,45.04,38.17,59.93,50.75,2.47,2.07,0.42,4.92,6.88,9.18,0.4,7.85,92.28
"Sabres","BUF","17-18",82,3949.9,40.14,46.96,46.42,46.29,45.39,1.8,2.68,28.82,32.55,38.6,44.54,49.93,57.93,1.93,2.32,-0.88,-3.73,-5.95,-8,-0.39,6.24,91.76
"Hurricanes","CAR","17-18",82,4086,46.88,52.86,53.07,54.34,52.05,2.29,2.6,32.34,28.84,45.58,40.31,62.42,52.44,2.52,2.32,-0.31,3.5,5.27,9.98,0.2,7.08,91
"Blue Jackets","CBJ","17-18",82,4063.42,53.53,52.46,52.71,51.69,51.85,2.51,2.18,33.47,30.33,45.85,41.13,59.89,55.97,2.65,2.46,0.33,3.13,4.72,3.92,0.19,7.51,92.81
"Flames","CGY","17-18",82,3894.92,47.97,52.38,53.06,53.18,52.32,2.25,2.44,32.98,29.99,47.96,42.43,64.01,56.35,2.61,2.38,-0.19,2.99,5.53,7.66,0.23,6.81,91.87
"Blackhawks","CHI","17-18",82,3940.2,47.42,50.75,50.74,52.03,49.23,2.37,2.63,33.41,32.43,44.67,43.37,63.57,58.62,2.54,2.62,-0.26,0.99,1.31,4.96,-0.08,7.11,91.88
"Avalanche","COL","17-18",82,3826.73,51.98,47.49,47.3,47.9,46.75,2.36,2.18,28.97,32.03,39.87,44.43,55.07,59.89,2.04,2.32,0.18,-3.06,-4.56,-4.82,-0.28,8.14,93.2
"Stars","DAL","17-18",82,3919.53,52.53,50.98,51.09,50.97,53.47,2.27,2.05,29.42,28.28,40.94,39.2,56.91,54.74,2.39,2.08,0.22,1.14,1.74,2.17,0.31,7.72,92.75
"Red Wings","DET","17-18",82,3995.28,47.09,48.5,49.17,48.55,48.53,2.21,2.49,29.38,31.19,41.15,42.54,53.48,56.68,2.28,2.42,-0.27,-1.82,-1.39,-3.2,-0.14,7.54,92.03
"Oilers","EDM","17-18",82,4058,48.22,49.83,50.46,49.81,50.67,2.42,2.6,31.93,32.15,44.43,43.61,59.04,59.5,2.68,2.6,-0.18,-0.22,0.82,-0.46,0.07,7.58,91.91
"Panthers","FLA","17-18",82,3966.8,49.57,49.82,50.16,49.39,48.53,2.49,2.54,32.9,33.14,44.91,44.63,57.65,59.07,2.37,2.51,-0.04,-0.24,0.28,-1.42,-0.14,7.58,92.35
"Kings","L.A","17-18",82,3951.62,53.13,49.74,49.41,49.73,47.68,2.32,2.04,29.38,29.69,41.34,42.33,55.79,56.4,2.2,2.42,0.27,-0.31,-0.99,-0.61,-0.21,7.89,93.11
"Wild","MIN","17-18",82,3953.95,52.94,50.19,48.68,47.84,53.44,2.43,2.16,29.94,29.72,39.88,42.05,52.77,57.54,2.26,1.97,0.27,0.22,-2.17,-4.77,0.29,8.12,92.73
"Canadiens","MTL","17-18",82,3974.63,44.92,49.88,49.66,49.7,50.88,1.96,2.4,30.91,31.06,42.1,42.68,58.62,59.34,2.45,2.37,-0.44,-0.14,-0.58,-0.72,0.08,6.33,92.28
"Devils","N.J","17-18",82,3936.12,49.11,49.97,49.08,48.64,50.29,2.44,2.53,30.76,30.79,42.24,43.84,54.7,57.77,2.42,2.39,-0.09,-0.03,-1.59,-3.07,0.03,7.94,91.78
"Predators","NSH","17-18",82,3851.03,56.88,51.6,52.48,52.67,51.49,2.62,1.98,32.32,30.32,45.25,40.97,61.35,55.12,2.46,2.32,0.63,2.01,4.28,6.23,0.14,8.09,93.46
"Islanders","NYI","17-18",82,4011.9,48.21,46.48,46.49,47.07,46.84,2.65,2.84,29.84,34.35,40.69,46.84,55.57,62.5,2.39,2.71,-0.2,-4.51,-6.15,-6.93,-0.32,8.87,91.72
"Rangers","NYR","17-18",82,3991.18,45,45.29,45.24,44.94,46.76,2.24,2.74,29.4,35.52,39.75,48.12,52.09,63.83,2.49,2.84,-0.5,-6.12,-8.37,-11.73,-0.35,7.62,92.29
"Senators","OTT","17-18",82,3983.95,42.91,46.87,46.84,46.22,45.7,2.26,3.01,29.14,33.02,40.32,45.76,54.34,63.24,2.14,2.54,-0.75,-3.89,-5.44,-8.89,-0.4,7.76,90.89
"Flyers","PHI","17-18",82,3993.68,52.01,51.22,50.22,49.81,50.38,2.36,2.18,30.2,28.76,41.19,40.83,55.05,55.47,2.31,2.27,0.18,1.44,0.36,-0.41,0.04,7.83,92.41
"Penguins","PIT","17-18",82,3935.23,47.82,53.22,53.07,52.26,52.51,2.45,2.67,34.01,29.89,46.02,40.68,60.53,55.29,2.68,2.42,-0.22,4.12,5.33,5.24,0.26,7.2,91.06
"Sharks","S.J","17-18",82,4012.37,48.81,51.74,51.96,51.21,51.4,2.35,2.47,31.38,29.27,44.57,41.21,61.26,58.37,2.52,2.38,-0.11,2.11,3.36,2.89,0.14,7.5,91.57
"Blues","STL","17-18",82,3988.98,52.42,52.21,52.83,51.86,51.89,2.27,2.06,31.58,28.91,43.69,39,58.92,54.69,2.27,2.11,0.21,2.67,4.69,4.24,0.17,7.19,92.87
"Lightning","T.B","17-18",82,3901.28,57.4,50.99,52.19,52.49,53.48,3.03,2.25,32.66,31.39,45.61,41.78,60.73,54.97,2.51,2.18,0.78,1.27,3.83,5.77,0.33,9.27,92.84
"Maple Leafs","TOR","17-18",82,4047.92,54.46,49,49.23,50.56,50.97,2.79,2.33,31.17,32.44,43.86,45.25,59.68,58.35,2.62,2.52,0.46,-1.28,-1.38,1.33,0.1,8.94,92.82
"Canucks","VAN","17-18",82,3970.45,45.47,47.33,47.07,46.95,46.14,2.07,2.49,28.73,31.97,39.39,44.29,51.95,58.71,2.13,2.48,-0.41,-3.24,-4.9,-6.76,-0.36,7.22,92.22
"Golden Knights","VGK","17-18",82,3999.17,52.77,51.6,51.34,51.57,50.67,2.6,2.33,31.55,29.59,43.82,41.53,59.13,55.52,2.38,2.31,0.27,1.95,2.29,3.61,0.06,8.24,92.14
"Jets","WPG","17-18",82,3900.87,54.8,52.24,52.65,52.61,53.56,2.68,2.21,31.95,29.22,44.64,40.15,60.06,54.09,2.48,2.15,0.47,2.74,4.49,5.97,0.33,8.38,92.44
"Capitals","WSH","17-18",82,3952.37,52.74,47.94,47.67,48.31,47.53,2.56,2.3,28.14,30.56,40.44,44.4,55.05,58.91,2.35,2.59,0.27,-2.42,-3.96,-3.86,-0.24,9.11,92.48
"Ducks","ANA","18-19",82,3975.22,46.91,46.7,46.68,46.91,45.09,2.04,2.31,27.58,31.48,39.85,45.52,53.47,60.53,2.22,2.7,-0.27,-3.9,-5.68,-7.05,-0.48,7.4,92.66
"Coyotes","ARI","18-19",82,3961.85,45.65,49.81,49.42,48.92,49.98,1.99,2.37,30.03,30.26,41.85,42.84,56.52,59.02,2.34,2.34,-0.38,-0.23,-0.99,-2.49,0,6.62,92.18
"Bruins","BOS","18-19",82,3993.68,55.48,54.03,54.16,53.73,53.37,2.34,1.88,32.21,27.4,44.77,37.89,58.85,50.68,2.41,2.11,0.46,4.8,6.88,8.17,0.3,7.28,93.14
"Sabres","BUF","18-19",82,4031.53,45.25,48.9,49.33,49.4,47.55,2.27,2.74,31.42,32.83,42.95,44.11,55.31,56.65,2.2,2.43,-0.48,-1.41,-1.16,-1.34,-0.23,7.21,91.65
"Hurricanes","CAR","18-19",82,3967.82,51.82,54.87,55.12,55.21,55.64,2.41,2.24,33.9,27.88,48.81,39.75,64.96,52.71,3.01,2.4,0.17,6.02,9.06,12.26,0.61,7.11,91.97
"Blue Jackets","CBJ","18-19",82,4081.97,52.21,51.57,51.42,50.57,51.45,2.74,2.51,31.4,29.48,43.07,40.69,55.52,54.26,2.53,2.38,0.23,1.92,2.38,1.26,0.14,8.72,91.5
"Flames","CGY","18-19",82,3909.92,55.2,53.31,53.35,54.07,53.26,2.83,2.3,31.71,27.78,44.64,39.04,60.79,51.64,2.63,2.31,0.53,3.94,5.6,9.15,0.32,8.93,91.72
"Blackhawks","CHI","18-19",82,4032.9,49.85,48.23,48.21,49.1,45.7,2.71,2.73,31.61,33.93,41.54,44.62,56.81,58.89,2.33,2.77,-0.02,-2.32,-3.08,-2.07,-0.44,8.58,91.96
"Avalanche","COL","18-19",82,3849.8,50.31,50.98,50.41,49.94,49.85,2.41,2.38,31.9,30.67,42.49,41.8,57.47,57.61,2.32,2.33,0.03,1.23,0.68,-0.13,-0.01,7.56,92.23
"Stars","DAL","18-19",82,4025.42,50.55,48.94,48.29,48.16,50.35,2.02,1.97,29.35,30.62,39.45,42.25,53.86,57.97,2.35,2.32,0.04,-1.28,-2.8,-4.12,0.03,6.87,93.56
"Red Wings","DET","18-19",82,4029.57,45.2,45.57,45.78,46.54,44.36,2.18,2.64,27.78,33.18,38.41,45.5,51.66,59.34,2.15,2.7,-0.46,-5.4,-7.08,-7.68,-0.55,7.84,92.04
"Oilers","EDM","18-19",82,4034.92,44.54,47.14,47.34,47.52,46.8,2.14,2.67,28.12,31.54,38.76,43.12,52.31,57.78,2.27,2.58,-0.53,-3.42,-4.36,-5.47,-0.31,7.62,91.54
"Panthers","FLA","18-19",82,3974.03,46.28,50.58,50.01,49.44,47.79,2.44,2.83,31.1,30.39,42.18,42.16,55.03,56.28,2.3,2.51,-0.39,0.71,0.02,-1.25,-0.21,7.85,90.68
"Kings","L.A","18-19",82,4055.25,44.88,46.82,46.72,47.04,47.12,2.06,2.53,27.27,30.97,38.84,44.29,52.44,59.05,2.2,2.47,-0.47,-3.7,-5.45,-6.61,-0.27,7.55,91.84
"Wild","MIN","18-19",82,3969.03,47.62,52.44,51.47,50.52,53.86,2.12,2.33,31.18,28.28,42.98,40.52,57.06,55.89,2.34,2.01,-0.21,2.9,2.46,1.18,0.34,6.8,91.75
"Canadiens","MTL","18-19",82,3985.75,53.64,53.63,53.75,54.46,53.8,2.81,2.43,34.9,30.17,47.55,40.91,66.14,55.3,2.67,2.29,0.38,4.73,6.63,10.83,0.38,8.06,91.94
"Devils","N.J","18-19",82,3920.25,44.35,47.8,46.99,46.25,48.59,2.23,2.8,29.32,32.02,39.9,45.02,51.23,59.54,2.27,2.4,-0.57,-2.7,-5.11,-8.32,-0.13,7.6,91.26
"Predators","NSH","18-19",82,3909.7,53.8,52.13,52.35,52.27,50.81,2.52,2.16,32.71,30.04,45.23,41.16,59.88,54.68,2.5,2.42,0.36,2.67,4.06,5.21,0.08,7.7,92.8
"Islanders","NYI","18-19",82,4037.02,55.86,49.05,48.79,48.46,51.1,2.4,1.9,28.3,29.39,39.13,41.08,53.16,56.53,2.38,2.28,0.5,-1.1,-1.95,-3.38,0.1,8.48,93.55
"Rangers","NYR","18-19",82,3951.95,45.69,46.03,45.67,45.32,47.26,2.18,2.59,27.91,32.72,38.32,45.59,50.51,60.96,2.38,2.66,-0.41,-4.81,-7.26,-10.44,-0.28,7.8,92.1
"Senators","OTT","18-19",82,4059.93,43.67,44.7,44.78,44.1,46.23,2.5,3.23,28.53,35.3,39.45,48.65,52.31,66.31,2.31,2.68,-0.73,-6.77,-9.2,-14,-0.38,8.77,90.86
"Flyers","PHI","18-19",82,3970.08,46.38,47.49,48.04,47.47,48.48,2.49,2.87,29.42,32.53,40.67,44,54.81,60.65,2.35,2.5,-0.39,-3.11,-3.32,-5.84,-0.15,8.45,91.17
"Penguins","PIT","18-19",82,4033.25,54.96,50.98,50.88,50.64,52.35,2.72,2.23,33.12,31.84,44.66,43.13,59.44,57.94,2.65,2.41,0.49,1.28,1.54,1.5,0.24,8.21,93
"Sharks","S.J","18-19",82,3998.32,51.36,54.74,55.1,55.42,54.09,2.88,2.73,32.27,26.68,45.86,37.37,62.86,50.58,2.71,2.3,0.15,5.59,8.49,12.29,0.41,8.93,89.77
"Blues","STL","18-19",82,3988.47,53.25,52.93,52.55,52.11,54.04,2.5,2.2,31.15,27.71,42.37,38.25,56.64,52.06,2.57,2.19,0.31,3.45,4.12,4.58,0.38,8.03,92.08
"Lightning","T.B","18-19",82,3913.1,56.84,52.13,52.36,52.73,52.97,3.15,2.4,32.83,30.14,45.1,41.03,60.11,53.88,2.56,2.27,0.76,2.68,4.07,6.22,0.29,9.61,92.05
"Maple Leafs","TOR","18-19",82,4083.82,54.86,49.59,50.4,52.12,51.71,3.03,2.5,32.3,32.84,47.22,46.48,65.18,59.88,2.77,2.59,0.54,-0.54,0.74,5.31,0.18,9.4,92.39
"Canucks","VAN","18-19",82,3955.63,45.02,46.79,47.56,47.34,45.81,2.19,2.67,28.17,32.03,39.86,43.95,53.36,59.37,2.13,2.52,-0.48,-3.87,-4.09,-6.01,-0.39,7.76,91.66
"Golden Knights","VGK","18-19",82,4013.77,51.74,54.01,54.37,54.56,54.95,2.57,2.39,33.5,28.53,46.01,38.62,62.8,52.32,2.79,2.29,0.17,4.98,7.39,10.49,0.5,7.66,91.61
"Jets","WPG","18-19",82,3955.85,50.84,48.82,49.16,49.42,47.78,2.54,2.46,30.51,31.97,42.19,43.64,56.54,57.86,2.29,2.51,0.08,-1.47,-1.44,-1.33,-0.21,8.34,92.31
"Capitals","WSH","18-19",82,3935.85,55.39,49.56,49.57,49.79,47.46,3,2.42,30.12,30.65,42.76,43.49,57.56,58.04,2.41,2.67,0.58,-0.54,-0.73,-0.48,-0.26,9.97,92.11
